[{
    "start": "8.31",
    "end": "9.1",
    "name": " SGC 2019 Open Qualifier 4"
}, {
    "start": "8.17",
    "end": "8.18",
    "name": " SGC 2019 Open Qualifier 3"
}, {
    "start": "8.10",
    "end": "8.11",
    "name": " SGC 2019 Open Qualifier 2"
}, {
    "start": "8.10",
    "end": "8.25",
    "name": " LCS 2019 Summer Playoffs"
}, {
    "start": "8.5",
    "end": "8.29",
    "name": " BIG League Season 2 Playoffs"
}, {
    "start": "8.2",
    "end": "8.30",
    "name": " IPL 2019"
}, {
    "start": "7.20",
    "end": "7.21",
    "name": " IPL 2019 Open Qualifier 1"
}, {
    "start": "7.13",
    "end": "7.14",
    "name": " SGC 2019 Open Qualifier 1"
}, {
    "start": "7.11",
    "end": "8.1",
    "name": " UPL 2019 Summer Playoffs"
}, {
    "start": "6.10",
    "end": "7.30",
    "name": " BRCC 2019 Winter"
}, {
    "start": "6.8",
    "end": "8.4",
    "name": " LLA 2019 Closing"
}, {
    "start": "6.6",
    "end": "7.26",
    "name": " LMF 2019 Closing"
}, {
    "start": "6.5",
    "end": "7.25",
    "name": " DDH 2019 Closing"
}, {
    "start": "6.3",
    "end": "7.16",
    "name": " GL 2019 Closing"
}, {
    "start": "6.3",
    "end": "7.23",
    "name": " LHE 2019 Closing"
}, {
    "start": "6.1",
    "end": "8.10",
    "name": " CBLOL 2019 Winter"
}, {
    "start": "6.1",
    "end": "8.2",
    "name": " GUL 2019 Season"
}, {
    "start": "6.1",
    "end": "8.4",
    "name": " LCS 2019 Summer"
}, {
    "start": "6.1",
    "end": "7.14",
    "name": " LTL 2019 Closing"
}, {
    "start": "5.30",
    "end": "7.28",
    "name": " NA Academy 2019 Summer"
}, {
    "start": "5.22",
    "end": "6.27",
    "name": " UPL 2019 Summer Season"
}, {
    "start": "5.10",
    "end": null,
    "name": " VL 2019 Season"
}, {
    "start": "5.3",
    "end": "9.6",
    "name": " CTL 2019 Season"
}, {
    "start": "6.15",
    "end": "6.23",
    "name": " LCL 2019 Summer Open Cup Qualifier"
}, {
    "start": "6.13",
    "end": "6.27",
    "name": " La Ligue F\u00e9minine 2019 Split 2"
}, {
    "start": "6.12",
    "end": "6.26",
    "name": " Icelandic Esports League Season 1 Playoffs"
}, {
    "start": "6.12",
    "end": "6.19",
    "name": " Norwegian  Esports League Season 3 Playoffs"
}, {
    "start": "6.11",
    "end": "6.30",
    "name": " LGL 2019 Baron Second Segment"
}, {
    "start": "6.10",
    "end": null,
    "name": " Turkey Academy 2019 Summer"
}, {
    "start": "6.8",
    "end": null,
    "name": " LPLOL 2019 Summer"
}, {
    "start": "6.8",
    "end": null,
    "name": " TCL 2019 Summer"
}, {
    "start": "6.7",
    "end": "8.17",
    "name": " LEC 2019 Summer"
}, {
    "start": "6.5",
    "end": "7.31",
    "name": " ESLM 2019 Summer Season"
}, {
    "start": "6.3",
    "end": "7.29",
    "name": " ESLM 2nd Div 2019 Summer Season"
}, {
    "start": "6.3",
    "end": "8.7",
    "name": " LVP SLO 2019 Summer"
}, {
    "start": "6.2",
    "end": "7.15",
    "name": " PG Nationals 2019 Summer"
}, {
    "start": "5.26",
    "end": "7.7",
    "name": " Icelandic Esports League"
}, {
    "start": "5.21",
    "end": null,
    "name": " LFL 2019 Summer"
}, {
    "start": "5.21",
    "end": "6.25",
    "name": " Summoner's Inn League - Season 3"
}, {
    "start": "5.20",
    "end": "7.7",
    "name": " SINN League 2nd Div Season 3"
}, {
    "start": "5.19",
    "end": "7.8",
    "name": " GLL 2019 Summer"
}, {
    "start": "5.12",
    "end": "6.23",
    "name": " Swiss Esports League 2019 Spring Season"
}, {
    "start": "5.8",
    "end": "6.19",
    "name": " Dreamcup Portugal 2019 Season 2"
}, {
    "start": "5.8",
    "end": "7.4",
    "name": " EVC 2019 Summer"
}, {
    "start": "5.5",
    "end": "6.21",
    "name": " ESL SEE Championship Season 9"
}, {
    "start": "4.28",
    "end": "7.14",
    "name": " UEG League 2019 Summer"
}, {
    "start": "3.11",
    "end": null,
    "name": " Dutch College Upcoming League Season 4"
}, {
    "start": "3.2",
    "end": "10.6",
    "name": " Open Tour France 2019"
}, {
    "start": "3.1",
    "end": "12.1",
    "name": " RIV4L Lan Tour 2019"
}, {
    "start": "9.8",
    "end": "9.8",
    "name": " GIRLGAMER 2019 Esports Festival Seoul"
}, {
    "start": "8.22",
    "end": "8.29",
    "name": " CK 2019 Summer Playoffs"
}, {
    "start": "8.21",
    "end": "8.31",
    "name": " LCK 2019 Summer Playoffs"
}, {
    "start": "8.19",
    "end": "8.25",
    "name": " 2019 Taiwan Legend Championship"
}, {
    "start": "8.15",
    "end": "8.25",
    "name": " LMS 2019 Summer Playoffs"
}, {
    "start": "6.20",
    "end": null,
    "name": " VCS 2019 Summer"
}, {
    "start": "6.19",
    "end": "9.8",
    "name": " LDL 2019 Summer"
}, {
    "start": "6.15",
    "end": "8.18",
    "name": " LJL 2019 Summer"
}, {
    "start": "6.14",
    "end": null,
    "name": " LST 2019 Summer Qualifiers"
}, {
    "start": "6.14",
    "end": "6.23",
    "name": " LST 2019 Spring ID-MY-SG Ranked Qualifier"
}, {
    "start": "6.14",
    "end": "6.23",
    "name": " LST 2019 Spring Philippines Ranked Qualifier"
}, {
    "start": "6.14",
    "end": "6.23",
    "name": " LST 2019 Spring Thailand Ranked Qualifier"
}, {
    "start": "6.13",
    "end": "8.4",
    "name": " LMS 2019 Summer"
}, {
    "start": "6.7",
    "end": "8.17",
    "name": " OPL 2019 Split 2"
}, {
    "start": "6.6",
    "end": "8.12",
    "name": " CK 2019 Summer"
}, {
    "start": "6.5",
    "end": "8.18",
    "name": " LCK 2019 Summer"
}, {
    "start": "6.3",
    "end": "7.16",
    "name": " ECS 2019 Summer"
}, {
    "start": "6.1",
    "end": "8.18",
    "name": " LPL 2019 Summer"
}, {
    "start": "5.29",
    "end": "6.29",
    "name": " MENA Champ. UAE Season 1 Season Finals"
}, {
    "start": "5.24",
    "end": "6.24",
    "name": " MENA Champ. EGY Season 1 Season Finals"
}, {
    "start": "5.2",
    "end": "7.18",
    "name": " OCS 2019 Regular Season"
}, {
    "start": "6.9",
    "end": "6.16",
    "name": " LICC 2019 Vietnam Qualifiers"
}, {
    "start": "5.6",
    "end": "5.29",
    "name": " The League 2019 Champions League"
}, {
    "start": "7.25",
    "end": "7.28",
    "name": " LICC 2019"
}, {
    "start": "7.4",
    "end": "7.7",
    "name": " Rift Rivals 2019 LCK-LPL-LMS-VCS"
}, {
    "start": "6.27",
    "end": "6.29",
    "name": " Rift Rivals 2019/NA-EU"
}, {
    "start": "6.27",
    "end": "7.7",
    "name": " Rift Rivals 2019"
}, {
    "start": "6.14",
    "end": "6.14",
    "name": " Sweden vs. South Korea Friendly Match"
}, {
    "start": "5.1",
    "end": "5.19",
    "name": " 2019 Mid-Season Invitational"
}, {
    "start": "5.10",
    "end": "5.19",
    "name": " MSI 2019 Main Event"
}, {
    "start": "5.1",
    "end": "5.7",
    "name": " MSI 2019 Play-In"
}, {
    "start": "2.28",
    "end": "2.28",
    "name": " Zona Esports - Movistar Riders Showmatch"
}, {
    "start": "12.6",
    "end": "12.8",
    "name": " All-Star 2018 Las Vegas"
}, {
    "start": "11.9",
    "end": "11.11",
    "name": " IeSF 10th Esports World Championship"
}, {
    "start": "10.1",
    "end": "11.3",
    "name": " Worlds 2018"
}, {
    "start": "10.10",
    "end": "11.3",
    "name": " Worlds 2018 Main Event"
}, {
    "start": "10.8",
    "end": "10.8",
    "name": " Bilibili USA vs. China Showmatch"
}, {
    "start": "10.1",
    "end": "10.7",
    "name": " Worlds 2018 Play-In"
}, {
    "start": "8.24",
    "end": "8.24",
    "name": " Return of the Legends 2018"
}, {
    "start": "8.16",
    "end": "8.19",
    "name": " LICC 2018"
}, {
    "start": "7.21",
    "end": "7.22",
    "name": " GIRLGAMER 2018 Esports Festival"
}, {
    "start": "7.2",
    "end": "7.8",
    "name": " Rift Rivals 2018"
}, {
    "start": "7.5",
    "end": "7.8",
    "name": " Rift Rivals 2018 LCK-LPL-LMS"
}, {
    "start": "7.4",
    "end": "7.8",
    "name": " Rift Rivals 2018 LLN-CLS-CBLOL"
}, {
    "start": "7.5",
    "end": "7.8",
    "name": " Rift Rivals 2018 NA-EU"
}, {
    "start": "7.4",
    "end": "7.7",
    "name": " Rift Rivals 2018 LCL-TCL-VCS"
}]